Subj,HappySad,Angry,Sat,LD,YB,RG,C,L,a,b
1,100,-97.5,-77.75,100,30.75,19,15,85.2073293165334,13.1808749824464,7.1599256069542
1,100,-65.25,-94.25,100,61.75,0.75,15,85.2073293165334,6.4950573670764,13.5208812508056
1,100,-74.25,-59.25,100,100,-7.25,15,85.2073293165334,-1.64599770923929,14.9094162039021
1,85.5,-66,-82.5,67.5,66.5,-11.75,15,85.2073293165334,-6.62729258078676,13.4565594803668
1,100,-69.5,-80.25,95.75,-31.5,-69,15,85.2073293165334,-13.563437537828,6.40571324345993
1,86.5,-68.5,-76,64,-33,-30.5,15,85.2073293165334,-14.9606230562991,-1.08616654677456
1,85.5,-61.75,-64.75,64.25,-64.5,-10.75,15,85.2073293165334,-6.26410060014543,-13.6294183174212
1,84.75,-62.75,-44.25,76,-12.25,-24.75,15,85.2073293165334,10.3625509877359,-10.845161917951
1,100,-41.5,-84,95,-3.25,10.5,30,85.2073293165334,26.3617499648928,14.3198512139084
1,100,-100,-72,93.75,43.25,17,30,85.2073293165334,12.9901147341528,27.0417625016112
1,100,-100,-55,100,100,0.5,30,85.2073293165334,-3.29199541847858,29.8188324078042
1,97,-100,-84,94.25,92.5,-64,30,85.2073293165334,-13.2545851615735,26.9131189607336
1,58.5,-100,-65,94.5,-2.25,-66.5,30,85.2073293165334,-27.126875075656,12.8114264869199
1,100,-48.25,-2.75,79.25,-67,-13,30,85.2073293165334,-29.9212461125982,-2.17233309354909
1,100,-59.75,-35.25,53.75,-77.25,-13.5,30,85.2073293165334,-12.5282012002909,-27.2588366348425
1,100,-70.5,-77.5,74.5,-33.75,1,30,85.2073293165334,20.7251019754717,-21.690323835902
1,-39.75,38.25,60.5,-45,42.75,69,15,28.5,13.1808749824464,7.1599256069542
1,-78.25,23.75,51.75,-70.75,0.25,20.75,15,28.5,6.4950573670764,13.5208812508056
1,-31.75,21.5,83.25,-100,-27.75,-47.25,15,28.5,-1.64599770923929,14.9094162039021
1,-52.75,27,60.75,-41.75,35.5,-81.75,15,28.5,-6.62729258078673,13.4565594803668
1,-66.5,14,72,-52.5,-29.75,-81,15,28.5,-13.563437537828,6.40571324345993
1,-41.25,-32.25,72.25,-38.25,-16.75,-86.75,15,28.5,-14.9606230562991,-1.08616654677454
1,3.75,6.75,25,-47.5,-21.75,-9.25,15,28.5,-6.26410060014548,-13.6294183174212
1,22.5,12,19.75,-75.75,-28.5,10.25,15,28.5,10.3625509877358,-10.845161917951
1,38,-4,42,0,9.25,100,30,28.5,26.3617499648928,14.3198512139084
1,-41.5,57.75,83.75,-56,39,26.75,30,28.5,12.9901147341527,27.0417625016112
1,-64,20.25,58.25,-82.75,21.25,-48.5,30,28.5,-3.29199541847863,29.8188324078042
1,7.25,-5.5,100,-73.25,-39.25,-82.5,30,28.5,-13.2545851615735,26.9131189607336
1,14.25,-37,5,1.75,-16.25,-100,30,28.5,-27.1268750756561,12.8114264869199
1,79.75,-23,43,-6.75,-41.75,-70,30,28.5,-29.9212461125982,-2.17233309354909
1,56.75,-16.25,-28.75,9.75,-100,-7,30,28.5,-12.5282012002909,-27.2588366348425
1,27.25,-12.25,27.25,-32.75,-13.75,-7.5,30,28.5,20.7251019754716,-21.690323835902
2,48.75,-86.25,31.5,80.25,6.25,19.75,15,85.2073293165334,13.1808749824464,7.1599256069542
2,53.5,-100,10,85.75,14.25,7.5,15,85.2073293165334,6.4950573670764,13.5208812508056
2,58,-62,-19,64.25,9,-9.75,15,85.2073293165334,-1.64599770923929,14.9094162039021
2,12.5,-82,-5.25,85.75,3.75,-17.25,15,85.2073293165334,-6.62729258078676,13.4565594803668
2,-54.75,-100,-4.25,72.75,-6.75,-18.75,15,85.2073293165334,-13.563437537828,6.40571324345993
2,3.5,-92.5,4.25,67.5,-26,-1.5,15,85.2073293165334,-14.9606230562991,-1.08616654677456
2,10.5,-83.75,-4.5,68.75,-32,-2.75,15,85.2073293165334,-6.26410060014543,-13.6294183174212
2,59.25,-100,17.25,83.75,-5.5,8.5,15,85.2073293165334,10.3625509877359,-10.845161917951
2,61,-44.25,19,36.75,15.75,21.25,30,85.2073293165334,26.3617499648928,14.3198512139084
2,77.25,-39,29.25,81.75,21.5,5.5,30,85.2073293165334,12.9901147341528,27.0417625016112
2,100,-100,-17.25,79.5,38.75,3.75,30,85.2073293165334,-3.29199541847858,29.8188324078042
2,56.25,-100,27.75,59.75,17.75,-18.5,30,85.2073293165334,-13.2545851615735,26.9131189607336
2,-2.5,-94.75,51.75,53.25,0,-36.75,30,85.2073293165334,-27.126875075656,12.8114264869199
2,65.75,-100,37.75,38.25,-49.5,-12.25,30,85.2073293165334,-29.9212461125982,-2.17233309354909
2,6.75,-81.75,65.25,35,-53,-2.5,30,85.2073293165334,-12.5282012002909,-27.2588366348425
2,100,-96,49.25,77.75,-1.25,5,30,85.2073293165334,20.7251019754717,-21.690323835902
2,-72.5,-13.5,-31.25,-56,0.25,57.5,15,28.5,13.1808749824464,7.1599256069542
2,-78,-29.75,-33.75,-94.75,0,2.25,15,28.5,6.4950573670764,13.5208812508056
2,-78,-3.5,-42.75,-56.5,0,-25.5,15,28.5,-1.64599770923929,14.9094162039021
2,-56.5,-35.25,-66,-70,1.25,-76.75,15,28.5,-6.62729258078673,13.4565594803668
2,-66.75,-12.75,-23.5,-79.25,-2.75,-100,15,28.5,-13.563437537828,6.40571324345993
2,-68.25,-22,-20.5,-90.5,-8.75,-60.25,15,28.5,-14.9606230562991,-1.08616654677454
2,-73.5,-15.75,-24.5,-87.25,-47.25,-11.25,15,28.5,-6.26410060014548,-13.6294183174212
2,-78,-31.5,-45,-79,-46,4,15,28.5,10.3625509877358,-10.845161917951
2,-44.25,34.75,-30,-74.75,0,90.75,30,28.5,26.3617499648928,14.3198512139084
2,-35.25,-21.5,14.75,-10.75,0,22,30,28.5,12.9901147341527,27.0417625016112
2,-56,23,-52,-63,1.75,-22.5,30,28.5,-3.29199541847863,29.8188324078042
2,-52.5,-13.5,-39.75,-32.25,0,-64.5,30,28.5,-13.2545851615735,26.9131189607336
2,-73.75,-21.25,19.5,-48.25,0.5,-100,30,28.5,-27.1268750756561,12.8114264869199
2,-81.75,-23.25,8,-45.75,-12,-54.5,30,28.5,-29.9212461125982,-2.17233309354909
2,-39.75,-22.75,10.5,-28,-71,-7,30,28.5,-12.5282012002909,-27.2588366348425
2,-42.25,-18.5,0.75,-63.5,-28.5,1.75,30,28.5,20.7251019754716,-21.690323835902
3,34.75,-62,-82.75,69.5,30,47,15,85.2073293165334,13.1808749824464,7.1599256069542
3,41.5,-40,-66.5,85.75,38,42.5,15,85.2073293165334,6.4950573670764,13.5208812508056
3,36.25,-59,-82.25,76,27.75,0,15,85.2073293165334,-1.64599770923929,14.9094162039021
3,19.5,-67,-66,77.5,80.5,-4.25,15,85.2073293165334,-6.62729258078676,13.4565594803668
3,39,-58.25,-87.25,93,37.25,-22.5,15,85.2073293165334,-13.563437537828,6.40571324345993
3,92.5,-72,-96,64.5,-87.75,-16.75,15,85.2073293165334,-14.9606230562991,-1.08616654677456
3,69.5,-86.75,-80,76.5,-93.25,0,15,85.2073293165334,-6.26410060014543,-13.6294183174212
3,22.25,-40.5,-77.5,90.25,15.75,10.25,15,85.2073293165334,10.3625509877359,-10.845161917951
3,48.75,-56,-81.5,86,30,54.25,30,85.2073293165334,26.3617499648928,14.3198512139084
3,20.75,-71.75,-80.25,54.75,28.75,43,30,85.2073293165334,12.9901147341528,27.0417625016112
3,68.25,-63.5,-59.25,81.75,91.75,0,30,85.2073293165334,-3.29199541847858,29.8188324078042
3,44,-48,-76.5,85.25,73.5,-19.75,30,85.2073293165334,-13.2545851615735,26.9131189607336
3,77,-46,-71,98,16.25,-30.75,30,85.2073293165334,-27.126875075656,12.8114264869199
3,79.25,-90.25,-75.75,77.5,-92.25,-52.75,30,85.2073293165334,-29.9212461125982,-2.17233309354909
3,84.25,-48.25,-76.5,86,-1.75,0,30,85.2073293165334,-12.5282012002909,-27.2588366348425
3,7.5,-50.25,-88.25,87.75,31,29,30,85.2073293165334,20.7251019754717,-21.690323835902
3,-59,65,68.25,-92.75,-7.25,40.5,15,28.5,13.1808749824464,7.1599256069542
3,-32,48.5,94,-93.25,-20.5,22,15,28.5,6.4950573670764,13.5208812508056
3,-54.75,39.25,59.25,-82.25,4,-38.75,15,28.5,-1.64599770923929,14.9094162039021
3,-25.25,46.25,39,-87.5,-21.5,-20,15,28.5,-6.62729258078673,13.4565594803668
3,-63.25,-100,69.5,-100,-20,-55.5,15,28.5,-13.563437537828,6.40571324345993
3,-31.25,-73,67,-68.75,-35,-100,15,28.5,-14.9606230562991,-1.08616654677454
3,-26,39.25,85,-79,-40,4.75,15,28.5,-6.26410060014548,-13.6294183174212
3,-57.5,41.25,55.5,-91,-12.25,-3.75,15,28.5,10.3625509877358,-10.845161917951
3,-100,33.75,80,-84,-0.75,100,30,28.5,26.3617499648928,14.3198512139084
3,-25,51.25,42.25,-85,1.25,54,30,28.5,12.9901147341527,27.0417625016112
3,-33.5,61.5,32.25,-90.25,-2.25,-22.75,30,28.5,-3.29199541847863,29.8188324078042
3,38.75,-88.5,70.5,-94.5,-46.75,-64.75,30,28.5,-13.2545851615735,26.9131189607336
3,50,-59.25,49.5,-95,-30.5,-100,30,28.5,-27.1268750756561,12.8114264869199
3,-70.75,48.5,32,-87.75,-2.25,-45.5,30,28.5,-29.9212461125982,-2.17233309354909
3,-25,51,71.5,-89,-96.25,-6.75,30,28.5,-12.5282012002909,-27.2588366348425
3,-34.25,52.75,80.25,-100,-2,4.5,30,28.5,20.7251019754716,-21.690323835902
4,38,-21.25,79,43.5,28,36,15,85.2073293165334,13.1808749824464,7.1599256069542
4,11.5,-13,54,40.75,49,29.75,15,85.2073293165334,6.4950573670764,13.5208812508056
4,12.25,-23.5,55,40.5,55,-3.75,15,85.2073293165334,-1.64599770923929,14.9094162039021
4,21,-52,36.5,44.5,47.75,-6.75,15,85.2073293165334,-6.62729258078676,13.4565594803668
4,4.75,-42.25,51.75,23.75,33.25,-34.5,15,85.2073293165334,-13.563437537828,6.40571324345993
4,12.75,-49.5,49.5,50.25,-69.25,-12.25,15,85.2073293165334,-14.9606230562991,-1.08616654677456
4,44.5,-36,48.25,34,-88.75,-5.75,15,85.2073293165334,-6.26410060014543,-13.6294183174212
4,25,-32.25,88,36.25,46.25,66.5,15,85.2073293165334,10.3625509877359,-10.845161917951
4,20.25,-59.25,73.75,53.5,18.75,44,30,85.2073293165334,26.3617499648928,14.3198512139084
4,-5.5,-29,68.75,38.25,46.5,28,30,85.2073293165334,12.9901147341528,27.0417625016112
4,30.5,-21.75,62.25,48,87.5,-3.75,30,85.2073293165334,-3.29199541847858,29.8188324078042
4,19.5,-37.5,56,64.75,86.5,-30,30,85.2073293165334,-13.2545851615735,26.9131189607336
4,28.5,-38.75,67,53.5,-53.75,-62,30,85.2073293165334,-27.126875075656,12.8114264869199
4,46.25,-70.75,64.75,64.25,-95.25,-0.75,30,85.2073293165334,-29.9212461125982,-2.17233309354909
4,64.25,-89,82.5,57.75,-93.25,-3,30,85.2073293165334,-12.5282012002909,-27.2588366348425
4,37,-40.75,71.75,70.5,34.25,56,30,85.2073293165334,20.7251019754717,-21.690323835902
4,-12,7.75,-46.5,-23.75,-6.25,72.25,15,28.5,13.1808749824464,7.1599256069542
4,-36.5,14.75,-33,-70.75,-21,-9.25,15,28.5,6.4950573670764,13.5208812508056
4,-53.75,14.25,-81.5,-44,-35.25,-35.25,15,28.5,-1.64599770923929,14.9094162039021
4,-31.75,28.25,-57.75,-68,-37,-64.75,15,28.5,-6.62729258078673,13.4565594803668
4,-47.75,-30.25,-67.75,-51.5,-21.5,-64.25,15,28.5,-13.563437537828,6.40571324345993
4,-39.5,-50.25,-31.25,-54.5,-88.25,-85,15,28.5,-14.9606230562991,-1.08616654677454
4,-46,-54.75,-14,-31,-90.75,-4,15,28.5,-6.26410060014548,-13.6294183174212
4,-39.25,-53,-52.75,-57.25,-40.75,-0.75,15,28.5,10.3625509877358,-10.845161917951
4,-7.5,39.5,24.25,-39,-3.25,100,30,28.5,26.3617499648928,14.3198512139084
4,-39.5,13.5,-45,-59.75,5.25,51.25,30,28.5,12.9901147341527,27.0417625016112
4,-43,11,-18,-44.5,-16.25,-44,30,28.5,-3.29199541847863,29.8188324078042
4,-35.25,-0.75,-64,-47.75,-15.5,-77.25,30,28.5,-13.2545851615735,26.9131189607336
4,-56.5,-48,-57.25,-27,-40.75,-100,30,28.5,-27.1268750756561,12.8114264869199
4,-17.5,-28.75,22.25,-63,-68.25,-74,30,28.5,-29.9212461125982,-2.17233309354909
4,-16.75,-42.5,16,-11,-78.25,-12,30,28.5,-12.5282012002909,-27.2588366348425
4,-10.5,-68.75,-29.5,-31.5,-45.25,11.5,30,28.5,20.7251019754716,-21.690323835902
5,64.5,-76.75,0,85,-1,5.25,15,85.2073293165334,13.1808749824464,7.1599256069542
5,47,-81.5,1.5,100,3.25,0.25,15,85.2073293165334,6.4950573670764,13.5208812508056
5,48.75,-25.5,-0.5,100,5.25,0,15,85.2073293165334,-1.64599770923929,14.9094162039021
5,51.75,-75.75,8,100,11.25,-1,15,85.2073293165334,-6.62729258078676,13.4565594803668
5,72.5,-85.75,6.5,91.5,-13.25,-9.75,15,85.2073293165334,-13.563437537828,6.40571324345993
5,65.5,-93.5,0,89.25,-17,-8,15,85.2073293165334,-14.9606230562991,-1.08616654677456
5,68.25,-78.25,-16.75,99,-8.75,0,15,85.2073293165334,-6.26410060014543,-13.6294183174212
5,61.75,-68.5,10.25,90.5,-6,0,15,85.2073293165334,10.3625509877359,-10.845161917951
5,5.75,-46,19.25,100,-0.25,38,30,85.2073293165334,26.3617499648928,14.3198512139084
5,-7.5,-90.5,-8.25,96.5,18,14.75,30,85.2073293165334,12.9901147341528,27.0417625016112
5,-6.5,-47,-11.75,87.5,4.25,22.25,30,85.2073293165334,-3.29199541847858,29.8188324078042
5,-37.25,-48.25,1,95,-0.75,-9.25,30,85.2073293165334,-13.2545851615735,26.9131189607336
5,64.25,-65.75,7.75,70.75,-10.25,-20.75,30,85.2073293165334,-27.126875075656,12.8114264869199
5,64.25,-69.5,20,99,-17.5,-11.75,30,85.2073293165334,-29.9212461125982,-2.17233309354909
5,52.5,-64.25,0,75.5,-28.5,0.25,30,85.2073293165334,-12.5282012002909,-27.2588366348425
5,70.25,-69.25,7.5,72.5,-18.25,1.75,30,85.2073293165334,20.7251019754717,-21.690323835902
5,-43.75,14,-91.75,-93.75,7.25,14.75,15,28.5,13.1808749824464,7.1599256069542
5,-59.25,14.75,-97,-78.5,3,0.25,15,28.5,6.4950573670764,13.5208812508056
5,-57.75,32.75,-96.25,-79.75,3,-32.75,15,28.5,-1.64599770923929,14.9094162039021
5,-56.25,23.75,-94,-75.75,2.25,-43.5,15,28.5,-6.62729258078673,13.4565594803668
5,-52.75,30.75,-94.25,-97,4,-39.5,15,28.5,-13.563437537828,6.40571324345993
5,-39.25,0,-86.25,-86,-3.5,-29,15,28.5,-14.9606230562991,-1.08616654677454
5,45.75,-25.25,-66,-86.75,-72.5,0,15,28.5,-6.26410060014548,-13.6294183174212
5,59,-39.25,-27.75,-82,-14.25,0,15,28.5,10.3625509877358,-10.845161917951
5,54.5,28.5,20.75,-69,1.75,64,30,28.5,26.3617499648928,14.3198512139084
5,-29.5,49.75,-56.75,-73.5,2.25,28,30,28.5,12.9901147341527,27.0417625016112
5,-56.75,12.5,-87,-86.25,7,-32.5,30,28.5,-3.29199541847863,29.8188324078042
5,-44.75,-24.25,-2,-86,0.5,-51.5,30,28.5,-13.2545851615735,26.9131189607336
5,35.25,-24.75,19.25,-68.5,2.25,-74.25,30,28.5,-27.1268750756561,12.8114264869199
5,64.25,-73.75,41.5,-72.25,-28.5,-34,30,28.5,-29.9212461125982,-2.17233309354909
5,69.25,-82.75,32.5,-63.25,-100,0,30,28.5,-12.5282012002909,-27.2588366348425
5,60.25,-41.75,25.25,-69.75,-16,0.25,30,28.5,20.7251019754716,-21.690323835902
6,75,-97.5,45.5,83.5,26.25,16.25,15,85.2073293165334,13.1808749824464,7.1599256069542
6,46.5,-94.75,13,69,26,14.75,15,85.2073293165334,6.4950573670764,13.5208812508056
6,-9.25,-97,-0.25,98.25,40,-0.75,15,85.2073293165334,-1.64599770923929,14.9094162039021
6,-2.75,-92,-14,87.5,24.5,-22.75,15,85.2073293165334,-6.62729258078676,13.4565594803668
6,19.25,-90,1.25,71.25,21.5,-17,15,85.2073293165334,-13.563437537828,6.40571324345993
6,41.75,-93,26,63.25,-41.25,-19.5,15,85.2073293165334,-14.9606230562991,-1.08616654677456
6,8,-90.75,26.75,56,-40,-0.25,15,85.2073293165334,-6.26410060014543,-13.6294183174212
6,35,-92.5,17,53.5,-7.75,25,15,85.2073293165334,10.3625509877359,-10.845161917951
6,84.75,-99.75,80.25,33.25,29.5,34.5,30,85.2073293165334,26.3617499648928,14.3198512139084
6,74.75,-99.5,73.5,62.75,32.5,16.5,30,85.2073293165334,12.9901147341528,27.0417625016112
6,40.75,-88.5,30.25,69.25,100,-4.25,30,85.2073293165334,-3.29199541847858,29.8188324078042
6,22,-90.25,40,50,52.75,-24,30,85.2073293165334,-13.2545851615735,26.9131189607336
6,45.25,-92.75,67.5,55.5,-5.75,-45,30,85.2073293165334,-27.126875075656,12.8114264869199
6,61.75,-96.75,58,24.5,-19.5,-14.5,30,85.2073293165334,-29.9212461125982,-2.17233309354909
6,63,-98.75,63.75,45,-61.75,-16.75,30,85.2073293165334,-12.5282012002909,-27.2588366348425
6,55.5,-100,54,58.75,-27.5,18.25,30,85.2073293165334,20.7251019754717,-21.690323835902
6,1,25.25,-4.75,-52.25,-1,44.75,15,28.5,13.1808749824464,7.1599256069542
6,1.75,-9.5,-61.5,-51.75,16.5,19.75,15,28.5,6.4950573670764,13.5208812508056
6,7.25,-9.75,-45,-74.75,14.75,-68.75,15,28.5,-1.64599770923929,14.9094162039021
6,6.5,-63.75,-37.25,-63.25,2.75,-78.25,15,28.5,-6.62729258078673,13.4565594803668
6,2.75,-33.5,-31.25,-49.5,-18.25,-93.5,15,28.5,-13.563437537828,6.40571324345993
6,-18.75,-42.5,-35.5,-76.25,-41,-62.5,15,28.5,-14.9606230562991,-1.08616654677454
6,-19,-28.5,-31.5,-66.75,-52,-13.5,15,28.5,-6.26410060014548,-13.6294183174212
6,1.75,-59.5,-53.75,-65.25,-34.25,35,15,28.5,10.3625509877358,-10.845161917951
6,7.75,79.5,-46.5,-74.75,0.25,93.75,30,28.5,26.3617499648928,14.3198512139084
6,12,4.5,-16,-58.75,-0.25,58.75,30,28.5,12.9901147341527,27.0417625016112
6,10,-25.75,-44.75,-74.75,11.75,-31.5,30,28.5,-3.29199541847863,29.8188324078042
6,0.75,-39,-32,-42.5,-25.75,-86.75,30,28.5,-13.2545851615735,26.9131189607336
6,19,-49.25,-8.5,-33.25,0,-98.75,30,28.5,-27.1268750756561,12.8114264869199
6,27.75,-42,2,-50,-31.5,-66.75,30,28.5,-29.9212461125982,-2.17233309354909
6,-57.25,-69,34.75,-41.5,-95,-7,30,28.5,-12.5282012002909,-27.2588366348425
6,9.25,-23.5,-17,-60.25,-18.25,30,30,28.5,20.7251019754716,-21.690323835902
7,6.5,-91.75,-24.25,95.5,25.5,37.5,15,85.2073293165334,13.1808749824464,7.1599256069542
7,5,-84,-43,91.5,37.75,29.75,15,85.2073293165334,6.4950573670764,13.5208812508056
7,0,-100,-78.75,72,42.5,-10.5,15,85.2073293165334,-1.64599770923929,14.9094162039021
7,-11,-100,-95.25,56.5,26.25,-16.5,15,85.2073293165334,-6.62729258078676,13.4565594803668
7,-16.25,-98.5,-82.75,84.5,-19.5,-57,15,85.2073293165334,-13.563437537828,6.40571324345993
7,4,-100,-43.75,55.75,-38,-28.25,15,85.2073293165334,-14.9606230562991,-1.08616654677456
7,8.5,-100,-23,62.25,-37.25,-35.25,15,85.2073293165334,-6.26410060014543,-13.6294183174212
7,5.25,-100,-57.25,77,-67,24.75,15,85.2073293165334,10.3625509877359,-10.845161917951
7,35.25,-100,42.75,71.5,27.5,41,30,85.2073293165334,26.3617499648928,14.3198512139084
7,6.75,-100,-25.25,58.5,47,43.5,30,85.2073293165334,12.9901147341528,27.0417625016112
7,1.25,-100,-67.25,54.25,46.75,10.75,30,85.2073293165334,-3.29199541847858,29.8188324078042
7,2.75,-100,-66.25,13.5,40.5,-40.75,30,85.2073293165334,-13.2545851615735,26.9131189607336
7,10,-100,-53.75,37.25,0.25,-72,30,85.2073293165334,-27.126875075656,12.8114264869199
7,33,-100,24,36.75,-37.5,-16.75,30,85.2073293165334,-29.9212461125982,-2.17233309354909
7,29.5,-100,32,39,-70.5,-33,30,85.2073293165334,-12.5282012002909,-27.2588366348425
7,19.75,-100,-43.5,75,-5.25,28.5,30,85.2073293165334,20.7251019754717,-21.690323835902
7,0,-100,-16.5,-74.75,10.75,21.75,15,28.5,13.1808749824464,7.1599256069542
7,0,-100,0.25,-100,16,16.5,15,28.5,6.4950573670764,13.5208812508056
7,-4.25,-100,-34.25,-68.75,2.25,-59.5,15,28.5,-1.64599770923929,14.9094162039021
7,-6,-100,-27.25,-81.75,-0.5,-83.75,15,28.5,-6.62729258078673,13.4565594803668
7,14.75,-100,7.75,-61.75,-26.75,-73.25,15,28.5,-13.563437537828,6.40571324345993
7,15,-100,9,-70.5,-48.5,-55.25,15,28.5,-14.9606230562991,-1.08616654677454
7,32.25,-93.25,-16.5,-60.25,-100,-49,15,28.5,-6.26410060014548,-13.6294183174212
7,-4.5,-100,-19,-100,-44.75,17.5,15,28.5,10.3625509877358,-10.845161917951
7,18.5,-97.25,0,5.5,16.75,100,30,28.5,26.3617499648928,14.3198512139084
7,0,-100,45.25,-60.5,15.25,19.25,30,28.5,12.9901147341527,27.0417625016112
7,0,-97,-24,-83,-1.25,-44.75,30,28.5,-3.29199541847863,29.8188324078042
7,-15.5,-100,9.75,-60.25,0.75,-64,30,28.5,-13.2545851615735,26.9131189607336
7,24.25,-100,61.25,-61.75,-8.25,-81,30,28.5,-27.1268750756561,12.8114264869199
7,22,-100,60.25,-13.25,-49.25,-50,30,28.5,-29.9212461125982,-2.17233309354909
7,43,-100,100,-38.5,-100,-18.25,30,28.5,-12.5282012002909,-27.2588366348425
7,32,-100,31,-60.75,-66.25,32.75,30,28.5,20.7251019754716,-21.690323835902
8,-18.5,-24,-53.75,36.5,31,14.75,15,85.2073293165334,13.1808749824464,7.1599256069542
8,-25.75,-4.75,-51.75,17.75,10.75,9.5,15,85.2073293165334,6.4950573670764,13.5208812508056
8,-22.75,-37.75,-53.5,51.5,33.5,-13,15,85.2073293165334,-1.64599770923929,14.9094162039021
8,22.5,-44.75,-76.5,69.25,18.75,-42.75,15,85.2073293165334,-6.62729258078676,13.4565594803668
8,-5.5,-39.75,-48.25,61.75,18.25,-20,15,85.2073293165334,-13.563437537828,6.40571324345993
8,18.5,-19.25,-19,65.75,-12.25,-38.25,15,85.2073293165334,-14.9606230562991,-1.08616654677456
8,-7.75,-35.5,-30.25,26.25,-29,-27.75,15,85.2073293165334,-6.26410060014543,-13.6294183174212
8,-22.25,-21,-25,43.25,0.75,-0.5,15,85.2073293165334,10.3625509877359,-10.845161917951
8,39.5,5.5,5,-2,-13,34,30,85.2073293165334,26.3617499648928,14.3198512139084
8,9.5,-29.25,-13.75,37.5,13.5,0.75,30,85.2073293165334,12.9901147341528,27.0417625016112
8,-6.5,-2,-23.25,-23,79.25,2,30,85.2073293165334,-3.29199541847858,29.8188324078042
8,-24.5,-23.25,-20,27.25,52.25,-26.5,30,85.2073293165334,-13.2545851615735,26.9131189607336
8,-53.25,-28,-18.5,31.5,-26,-12.5,30,85.2073293165334,-27.126875075656,12.8114264869199
8,9.25,-24,-1.25,14.5,-34,-14.5,30,85.2073293165334,-29.9212461125982,-2.17233309354909
8,-14,-47,-3.75,-22.25,-53.5,-29.75,30,85.2073293165334,-12.5282012002909,-27.2588366348425
8,-8,-16.5,16.75,22.5,-20.25,-1.75,30,85.2073293165334,20.7251019754717,-21.690323835902
8,-27.75,1.75,8.5,-74.25,-12.75,37.5,15,28.5,13.1808749824464,7.1599256069542
8,-49.75,9,-5.75,-44.75,1,12.25,15,28.5,6.4950573670764,13.5208812508056
8,-72.25,-2.5,-17.75,-41.5,-1.5,-24.25,15,28.5,-1.64599770923929,14.9094162039021
8,-9,10.5,-2.5,-57.25,-29.75,-65.5,15,28.5,-6.62729258078673,13.4565594803668
8,-51.5,-12.75,31.25,-84.25,-19.5,-57,15,28.5,-13.563437537828,6.40571324345993
8,-18.25,4.25,18.25,-65.75,-26.5,-73.5,15,28.5,-14.9606230562991,-1.08616654677454
8,1,24.25,32.75,-60.5,-28.75,-66.75,15,28.5,-6.26410060014548,-13.6294183174212
8,-35.5,53.75,-16.25,-64.25,-24.5,-28,15,28.5,10.3625509877358,-10.845161917951
8,0,57.5,29.25,-65.75,-9.75,81,30,28.5,26.3617499648928,14.3198512139084
8,-3,4,10.75,-69.5,-6.25,33,30,28.5,12.9901147341527,27.0417625016112
8,-31.75,7.75,23.5,-39.25,-19.75,-58,30,28.5,-3.29199541847863,29.8188324078042
8,-31.75,6,21,-59.25,-25.25,-86,30,28.5,-13.2545851615735,26.9131189607336
8,12.75,13.5,40.5,-95.5,-67.5,-83.75,30,28.5,-27.1268750756561,12.8114264869199
8,7,11.25,37.75,-81,-30.5,-55,30,28.5,-29.9212461125982,-2.17233309354909
8,10.25,14,55.25,-64.75,-35.25,-40.75,30,28.5,-12.5282012002909,-27.2588366348425
8,-17.5,2,24.75,-70,-66,-45,30,28.5,20.7251019754716,-21.690323835902
9,39.75,-45.5,-51.75,51.5,14.5,46,15,85.2073293165334,13.1808749824464,7.1599256069542
9,6.75,-37.25,-79.75,87.5,27.5,28.25,15,85.2073293165334,6.4950573670764,13.5208812508056
9,-2,-79,-64.75,36.5,50.5,10.25,15,85.2073293165334,-1.64599770923929,14.9094162039021
9,-7.25,-49.25,-56.75,63,42.75,7.25,15,85.2073293165334,-6.62729258078676,13.4565594803668
9,-13.5,-4.25,-69.75,68.5,-24.75,-40.5,15,85.2073293165334,-13.563437537828,6.40571324345993
9,1,-34.75,-81.5,34,-59.5,-15.75,15,85.2073293165334,-14.9606230562991,-1.08616654677456
9,17.5,-45.25,-77.25,59.75,-73.5,-13.25,15,85.2073293165334,-6.26410060014543,-13.6294183174212
9,19.25,-44,-51.75,73.75,-16.75,27,15,85.2073293165334,10.3625509877359,-10.845161917951
9,89.75,-99.5,-37.5,37.75,18.25,34.5,30,85.2073293165334,26.3617499648928,14.3198512139084
9,67,-59,-44,44.25,46.5,43.25,30,85.2073293165334,12.9901147341528,27.0417625016112
9,34,-38.5,-38,35,82.5,5.25,30,85.2073293165334,-3.29199541847858,29.8188324078042
9,7.75,-20.5,-58,37,87.5,-17,30,85.2073293165334,-13.2545851615735,26.9131189607336
9,48.75,-47.25,-60,67.25,-31.5,-57,30,85.2073293165334,-27.126875075656,12.8114264869199
9,86.5,-79.25,-47.5,42,-82.75,-39,30,85.2073293165334,-29.9212461125982,-2.17233309354909
9,89.25,-91.25,-40.75,65.75,-100,-22.75,30,85.2073293165334,-12.5282012002909,-27.2588366348425
9,77.75,-86.5,-35,52,-23.75,36.5,30,85.2073293165334,20.7251019754717,-21.690323835902
9,-83.25,62.75,91.5,-33.5,8.25,21,15,28.5,13.1808749824464,7.1599256069542
9,-100,93,78.25,-53.75,13.25,-5.75,15,28.5,6.4950573670764,13.5208812508056
9,-97.75,100,94.75,-90,28.5,-59,15,28.5,-1.64599770923929,14.9094162039021
9,-100,99.25,90,-90,28.5,-78,15,28.5,-6.62729258078673,13.4565594803668
9,-86,27.25,94.5,-61.75,-27,-100,15,28.5,-13.563437537828,6.40571324345993
9,-48.25,61.25,70.75,-53.25,-52.25,-100,15,28.5,-14.9606230562991,-1.08616654677454
9,-10.75,21.5,73.25,-55.25,-99.5,-40.75,15,28.5,-6.26410060014548,-13.6294183174212
9,-51.25,7.75,61.25,-57.75,-41.75,22.25,15,28.5,10.3625509877358,-10.845161917951
9,-14.25,21.5,45.5,-36.75,7.5,82.5,30,28.5,26.3617499648928,14.3198512139084
9,-76.25,84.25,90.25,-60.5,14.75,42.25,30,28.5,12.9901147341527,27.0417625016112
9,-100,99.75,93.25,-63.25,21,-35.5,30,28.5,-3.29199541847863,29.8188324078042
9,-56.25,99.75,78.25,-54.75,17.25,-100,30,28.5,-13.2545851615735,26.9131189607336
9,-0.25,7.5,62,-29.75,-0.25,-91.25,30,28.5,-27.1268750756561,12.8114264869199
9,2.75,37.5,59.5,-23.25,-46,-100,30,28.5,-29.9212461125982,-2.17233309354909
9,1.25,18.25,36.25,-15.5,-100,-24.25,30,28.5,-12.5282012002909,-27.2588366348425
9,-34.5,16.5,62,-49,-51.5,40,30,28.5,20.7251019754716,-21.690323835902
10,88.75,-92.5,-50.75,80.25,0.25,3,15,85.2073293165334,13.1808749824464,7.1599256069542
10,11.5,-87.25,-74.75,85.25,6.25,6.5,15,85.2073293165334,6.4950573670764,13.5208812508056
10,6.25,-4.75,-82.5,90.5,14.5,2.5,15,85.2073293165334,-1.64599770923929,14.9094162039021
10,1.25,-7,-65.75,87.75,16,0.75,15,85.2073293165334,-6.62729258078676,13.4565594803668
10,4,-72.75,-90.75,89.75,-10.75,-10,15,85.2073293165334,-13.563437537828,6.40571324345993
10,64.5,-91.75,-80,84.75,-55.75,-9.5,15,85.2073293165334,-14.9606230562991,-1.08616654677456
10,97.5,-94.25,-65,91.5,-35.25,-7,15,85.2073293165334,-6.26410060014543,-13.6294183174212
10,96.5,-97.5,-58.25,83.5,1,6,15,85.2073293165334,10.3625509877359,-10.845161917951
10,95,-97.25,-53.75,31,3,12.25,30,85.2073293165334,26.3617499648928,14.3198512139084
10,42,-84.25,-56.25,74.75,6.5,10.5,30,85.2073293165334,12.9901147341528,27.0417625016112
10,14.5,-51,-31,71.75,29,-4.5,30,85.2073293165334,-3.29199541847858,29.8188324078042
10,40.75,-40.5,-50.5,82.75,10.75,-3.25,30,85.2073293165334,-13.2545851615735,26.9131189607336
10,85.25,-91.5,-60,76,-5.25,-7.25,30,85.2073293165334,-27.126875075656,12.8114264869199
10,88,-94.5,-55,73,-93.75,-10.5,30,85.2073293165334,-29.9212461125982,-2.17233309354909
10,94.75,-99.75,-52.25,85.25,-70.75,-42.25,30,85.2073293165334,-12.5282012002909,-27.2588366348425
10,96.25,-99.25,-66.25,84.25,-0.5,4.5,30,85.2073293165334,20.7251019754717,-21.690323835902
10,-25.25,5,39,-80,-0.5,62.25,15,28.5,13.1808749824464,7.1599256069542
10,-41.5,6,42,-73.75,4,-63.5,15,28.5,6.4950573670764,13.5208812508056
10,-56.5,6.25,26.25,-78.25,0,-56,15,28.5,-1.64599770923929,14.9094162039021
10,-30.5,4,52.75,-82,-0.5,-60.5,15,28.5,-6.62729258078673,13.4565594803668
10,-28.75,-3.5,45.75,-76.25,1,-44.25,15,28.5,-13.563437537828,6.40571324345993
10,-14,-3.25,42,-63,0,-45,15,28.5,-14.9606230562991,-1.08616654677454
10,-11.25,-17.75,37.75,-60,-46.75,-27.75,15,28.5,-6.26410060014548,-13.6294183174212
10,-13,4.25,39.5,-52.5,-4.5,-28.5,15,28.5,10.3625509877358,-10.845161917951
10,-23,3,36.5,-34.5,4,85.75,30,28.5,26.3617499648928,14.3198512139084
10,-45.75,-0.5,60.25,-62.75,2.75,-9,30,28.5,12.9901147341527,27.0417625016112
10,-54,3,63.25,-83.75,4,-63.25,30,28.5,-3.29199541847863,29.8188324078042
10,-14.5,3.5,31.25,-81.5,-1,-80.25,30,28.5,-13.2545851615735,26.9131189607336
10,-11,-9.25,35,-55.25,-5,-75.5,30,28.5,-27.1268750756561,12.8114264869199
10,-0.5,-6.25,51.25,-28,-8.25,-51.25,30,28.5,-29.9212461125982,-2.17233309354909
10,16.25,-20,59,-17.5,-77.75,-22.75,30,28.5,-12.5282012002909,-27.2588366348425
10,3.75,-5.5,68.5,-41.25,-12.75,-21,30,28.5,20.7251019754716,-21.690323835902
11,41,-93,-71.5,68,2.75,22.75,15,85.2073293165334,13.1808749824464,7.1599256069542
11,43.75,-95.75,-79,71.25,8.5,6,15,85.2073293165334,6.4950573670764,13.5208812508056
11,53.25,-88.5,-74.5,50.5,20.5,0.25,15,85.2073293165334,-1.64599770923929,14.9094162039021
11,12.5,-76.25,-81.75,93.25,26,0,15,85.2073293165334,-6.62729258078676,13.4565594803668
11,-13.25,-70.5,-61.75,90.25,-5,-1.5,15,85.2073293165334,-13.563437537828,6.40571324345993
11,36.5,-84.5,-91,65.75,-32.5,0,15,85.2073293165334,-14.9606230562991,-1.08616654677456
11,19.5,-84,-78.5,78.75,-49,0,15,85.2073293165334,-6.26410060014543,-13.6294183174212
11,69.25,-90.5,-87.75,72,-32.25,0,15,85.2073293165334,10.3625509877359,-10.845161917951
11,77,-94.25,-98.75,69.75,21,37.5,30,85.2073293165334,26.3617499648928,14.3198512139084
11,75.75,-90.75,-99,45.5,18,9.5,30,85.2073293165334,12.9901147341528,27.0417625016112
11,61.25,-72.5,-88.75,96.25,84.5,0,30,85.2073293165334,-3.29199541847858,29.8188324078042
11,66.5,-89,-64,98,100,0.25,30,85.2073293165334,-13.2545851615735,26.9131189607336
11,59.5,-88.5,-66.75,45,3.5,-32.5,30,85.2073293165334,-27.126875075656,12.8114264869199
11,26.25,-91.5,-90.25,77.5,-68.5,0,30,85.2073293165334,-29.9212461125982,-2.17233309354909
11,36,-73.75,-67.5,77.25,-100,0.25,30,85.2073293165334,-12.5282012002909,-27.2588366348425
11,64,-94,-94.75,79.5,-22,13.25,30,85.2073293165334,20.7251019754717,-21.690323835902
11,-73.5,94,79.75,-76.5,3.75,16.75,15,28.5,13.1808749824464,7.1599256069542
11,-94.75,82.25,90.25,-90.5,0.75,-9,15,28.5,6.4950573670764,13.5208812508056
11,-75,54.75,81.75,-77.5,-4.75,-63.75,15,28.5,-1.64599770923929,14.9094162039021
11,-90.75,31.75,0,-88,-5.5,-78.25,15,28.5,-6.62729258078673,13.4565594803668
11,-83.25,67.25,96.75,-86.5,-0.5,-98,15,28.5,-13.563437537828,6.40571324345993
11,-77.25,33.25,74.5,-93.25,-4,-50.75,15,28.5,-14.9606230562991,-1.08616654677454
11,-83.25,80,83.5,-75.25,-100,-1.25,15,28.5,-6.26410060014548,-13.6294183174212
11,-92.75,25,74.5,-80,-31.25,10.75,15,28.5,10.3625509877358,-10.845161917951
11,-78.25,100,77,-89,6,100,30,28.5,26.3617499648928,14.3198512139084
11,-68.25,75.5,85.25,-78.5,22.75,17.75,30,28.5,12.9901147341527,27.0417625016112
11,-67.75,60.25,92.75,-93.75,3,-73.25,30,28.5,-3.29199541847863,29.8188324078042
11,-70.5,66.5,69.75,-93.5,0,-97.25,30,28.5,-13.2545851615735,26.9131189607336
11,-97.25,57.75,75.75,-56.75,-0.25,-100,30,28.5,-27.1268750756561,12.8114264869199
11,-54.5,29,91.75,-72.25,-40.25,-53.25,30,28.5,-29.9212461125982,-2.17233309354909
11,-33.75,33.5,84.25,-82,-100,0.25,30,28.5,-12.5282012002909,-27.2588366348425
11,-53.75,25.5,90.5,-71.75,-43,20,30,28.5,20.7251019754716,-21.690323835902
12,0,-100,100,100,0,100,15,85.2073293165334,13.1808749824464,7.1599256069542
12,50,-100,100,100,0,100,15,85.2073293165334,6.4950573670764,13.5208812508056
12,100,-100,100,100,100,100,15,85.2073293165334,-1.64599770923929,14.9094162039021
12,100,-100,100,100,100,100,15,85.2073293165334,-6.62729258078676,13.4565594803668
12,0,-100,0,100,-100,0,15,85.2073293165334,-13.563437537828,6.40571324345993
12,0,-100,-100,100,-100,0,15,85.2073293165334,-14.9606230562991,-1.08616654677456
12,0,-100,-100,100,-100,0,15,85.2073293165334,-6.26410060014543,-13.6294183174212
12,0,-100,100,100,-100,100,15,85.2073293165334,10.3625509877359,-10.845161917951
12,0,-100,100,100,0,50,30,85.2073293165334,26.3617499648928,14.3198512139084
12,0,-100,100,100,0,100,30,85.2073293165334,12.9901147341528,27.0417625016112
12,50,-100,100,100,100,-0.25,30,85.2073293165334,-3.29199541847858,29.8188324078042
12,0,-100,100,100,99.75,50,30,85.2073293165334,-13.2545851615735,26.9131189607336
12,0,-100,-100,100,-50,-50,30,85.2073293165334,-27.126875075656,12.8114264869199
12,0,-100,-100,100,-100,0,30,85.2073293165334,-29.9212461125982,-2.17233309354909
12,0,-100,-100,100,-100,0,30,85.2073293165334,-12.5282012002909,-27.2588366348425
12,0,-100,100,100,-100,100,30,85.2073293165334,20.7251019754717,-21.690323835902
12,0,-100,100,-100,0,100,15,28.5,13.1808749824464,7.1599256069542
12,0,-100,-100,-100,0.25,100,15,28.5,6.4950573670764,13.5208812508056
12,0,-100,-100,-100,0,-100,15,28.5,-1.64599770923929,14.9094162039021
12,0,-100,-100,-100,0,-100,15,28.5,-6.62729258078673,13.4565594803668
12,0,-100,-100,-100,-0.25,-100,15,28.5,-13.563437537828,6.40571324345993
12,0,-100,-100,-100,0,-100,15,28.5,-14.9606230562991,-1.08616654677454
12,-100,0,-100,-100,-100,-0.25,15,28.5,-6.26410060014548,-13.6294183174212
12,0,-100,-100,-100,-100,50,15,28.5,10.3625509877358,-10.845161917951
12,0,-100,100,-100,0,100,30,28.5,26.3617499648928,14.3198512139084
12,0,-100,100,-100,0,100,30,28.5,12.9901147341527,27.0417625016112
12,0,-100,-100,-100,50,-100,30,28.5,-3.29199541847863,29.8188324078042
12,0,-100,-100,-100,0,-100,30,28.5,-13.2545851615735,26.9131189607336
12,0,-100,-100,-100,-0.5,-100,30,28.5,-27.1268750756561,12.8114264869199
12,0,-100,-100,-100,0,-100,30,28.5,-29.9212461125982,-2.17233309354909
12,0,-100,-100,-100,-100,0,30,28.5,-12.5282012002909,-27.2588366348425
12,0,-100,-100,-100,-100,98,30,28.5,20.7251019754716,-21.690323835902
13,-3,9.75,70.75,56.75,9.75,15,15,85.2073293165334,13.1808749824464,7.1599256069542
13,48,-70,-2.75,76,45.25,-0.25,15,85.2073293165334,6.4950573670764,13.5208812508056
13,55.25,-27.75,57.25,90.75,43.25,5.75,15,85.2073293165334,-1.64599770923929,14.9094162039021
13,6.5,-51.5,56.25,100,38.25,0.5,15,85.2073293165334,-6.62729258078676,13.4565594803668
13,16.5,-97.25,53.75,83,-21.75,-12,15,85.2073293165334,-13.563437537828,6.40571324345993
13,28.75,-64.5,51.25,86.25,-39.25,-24.5,15,85.2073293165334,-14.9606230562991,-1.08616654677456
13,8.5,46.25,67.25,29.75,-54.75,34,15,85.2073293165334,-6.26410060014543,-13.6294183174212
13,-49.5,50.25,53,77.25,-18,0,15,85.2073293165334,10.3625509877359,-10.845161917951
13,48.75,-2.75,79.5,83.75,3.75,46.75,30,85.2073293165334,26.3617499648928,14.3198512139084
13,8.75,-80,54.25,100,38,10.5,30,85.2073293165334,12.9901147341528,27.0417625016112
13,48.25,-65.5,69.75,92.5,57.25,-0.25,30,85.2073293165334,-3.29199541847858,29.8188324078042
13,47.75,-65.5,64.75,64.5,42,-14.5,30,85.2073293165334,-13.2545851615735,26.9131189607336
13,63.75,-81,53,76.25,-32.75,-47.25,30,85.2073293165334,-27.126875075656,12.8114264869199
13,75.5,-83.5,65.25,81,-73.5,-40.75,30,85.2073293165334,-29.9212461125982,-2.17233309354909
13,-8.25,-29.5,62.75,52,-50.75,-9.25,30,85.2073293165334,-12.5282012002909,-27.2588366348425
13,-35.5,51.75,58.25,81.25,-25,38,30,85.2073293165334,20.7251019754717,-21.690323835902
13,60.75,-69.25,-61.75,-72,14.5,27.5,15,28.5,13.1808749824464,7.1599256069542
13,100,-99.5,-65.25,-79.5,27,26.25,15,28.5,6.4950573670764,13.5208812508056
13,-79.25,-16.75,-62.75,-64,-0.75,-60.75,15,28.5,-1.64599770923929,14.9094162039021
13,-25.5,-8.5,-82.75,-76.25,-26.5,-82.25,15,28.5,-6.62729258078673,13.4565594803668
13,-34.25,4.5,-47.5,-73.25,-48.25,-84.25,15,28.5,-13.563437537828,6.40571324345993
13,-46.5,7.5,-62.75,-65.5,-33.5,-49.75,15,28.5,-14.9606230562991,-1.08616654677454
13,-46.25,-15,-80.75,-65.25,-77,-20.25,15,28.5,-6.26410060014548,-13.6294183174212
13,-55.25,32.25,-49.75,-66,-31.75,37.25,15,28.5,10.3625509877358,-10.845161917951
13,10.75,-53.25,-35.25,-62.25,23.75,58.25,30,28.5,26.3617499648928,14.3198512139084
13,100,2,-2.25,-61,20.25,26,30,28.5,12.9901147341527,27.0417625016112
13,-32.75,-15.75,-64.75,-65,2.5,-69.75,30,28.5,-3.29199541847863,29.8188324078042
13,4.25,30.25,-51.25,-66.5,-22.5,-93,30,28.5,-13.2545851615735,26.9131189607336
13,6.75,43,-54.5,-46.5,-39,-100,30,28.5,-27.1268750756561,12.8114264869199
13,30,-62.25,-13.25,-67.5,-53.25,-83.25,30,28.5,-29.9212461125982,-2.17233309354909
13,31.25,-68.25,31.25,-38.5,-63.5,-16.25,30,28.5,-12.5282012002909,-27.2588366348425
13,-40.75,-56.25,-65.5,-70.25,-43,23.5,30,28.5,20.7251019754716,-21.690323835902
14,52.5,-62.5,-15.5,60.75,21.25,8.5,15,85.2073293165334,13.1808749824464,7.1599256069542
14,44.75,-66.25,7.25,62,10.75,-0.25,15,85.2073293165334,6.4950573670764,13.5208812508056
14,50.5,-65,-53,93.75,22.75,0,15,85.2073293165334,-1.64599770923929,14.9094162039021
14,60,-66.5,-29.5,95.75,35.5,-7.5,15,85.2073293165334,-6.62729258078676,13.4565594803668
14,55.25,-48.75,-85.25,88,0.75,-8,15,85.2073293165334,-13.563437537828,6.40571324345993
14,47.75,-69.25,-82.25,85.5,-29.5,-10.75,15,85.2073293165334,-14.9606230562991,-1.08616654677456
14,61.75,-70.5,-93.5,85.25,-27,-5.5,15,85.2073293165334,-6.26410060014543,-13.6294183174212
14,45,-59.75,-37.5,63,5,5.5,15,85.2073293165334,10.3625509877359,-10.845161917951
14,61,-38.75,61,47.25,-0.25,14.75,30,85.2073293165334,26.3617499648928,14.3198512139084
14,35.75,-24.5,-22.75,26.25,8.5,5.75,30,85.2073293165334,12.9901147341528,27.0417625016112
14,48,-62.75,76.25,54.75,95,0,30,85.2073293165334,-3.29199541847858,29.8188324078042
14,42.25,-66,-49.25,79.75,55.5,-4,30,85.2073293165334,-13.2545851615735,26.9131189607336
14,49.75,-34.5,-35.5,62,-3.5,-16.5,30,85.2073293165334,-27.126875075656,12.8114264869199
14,64.25,-76,-5.75,40.5,-48.25,-12.5,30,85.2073293165334,-29.9212461125982,-2.17233309354909
14,67.25,-63.5,-4.5,33.25,-73.25,0,30,85.2073293165334,-12.5282012002909,-27.2588366348425
14,40.25,-63.25,54.75,52.25,12.5,4.75,30,85.2073293165334,20.7251019754717,-21.690323835902
14,-23,0.5,94,-85.25,-2.25,32.5,15,28.5,13.1808749824464,7.1599256069542
14,-23,11.5,100,-98,3,10,15,28.5,6.4950573670764,13.5208812508056
14,-13,15.5,100,-99.75,-1,-26.5,15,28.5,-1.64599770923929,14.9094162039021
14,-35,10.5,76,-98.5,-9,-15.25,15,28.5,-6.62729258078673,13.4565594803668
14,-32.75,-15.25,96.25,-90.5,-4.5,-82.5,15,28.5,-13.563437537828,6.40571324345993
14,-19.75,-33.25,85.75,-98.25,-20.25,-66.5,15,28.5,-14.9606230562991,-1.08616654677454
14,-6,-46.75,72,-96.25,-100,-6.75,15,28.5,-6.26410060014548,-13.6294183174212
14,6.25,-14.5,97.25,-92.25,-39.25,-13.5,15,28.5,10.3625509877358,-10.845161917951
14,-15,8,100,-78.25,-5,91.75,30,28.5,26.3617499648928,14.3198512139084
14,-28.25,23.5,98.25,-87.25,2.75,13.25,30,28.5,12.9901147341527,27.0417625016112
14,-37,17.5,93,-73.25,10,-14.25,30,28.5,-3.29199541847863,29.8188324078042
14,4.5,3.5,100,-93,-4.25,-83.75,30,28.5,-13.2545851615735,26.9131189607336
14,24.25,-16.25,96.75,-90.5,-11.25,-100,30,28.5,-27.1268750756561,12.8114264869199
14,26.25,-19.5,100,-11.5,-33,-86,30,28.5,-29.9212461125982,-2.17233309354909
14,4.75,-18.75,100,-92.75,-100,-3.25,30,28.5,-12.5282012002909,-27.2588366348425
14,19.25,-11.5,100,-85.25,-38,7,30,28.5,20.7251019754716,-21.690323835902
15,78.75,-46.25,78.75,75,11.25,25.25,15,85.2073293165334,13.1808749824464,7.1599256069542
15,72,-91.25,81,89,37.25,35.5,15,85.2073293165334,6.4950573670764,13.5208812508056
15,65.75,-87.5,62.75,85.5,59.75,-11.5,15,85.2073293165334,-1.64599770923929,14.9094162039021
15,85.5,-90.5,81.75,96.75,60.75,-15.75,15,85.2073293165334,-6.62729258078676,13.4565594803668
15,74.5,-93,83,86.25,2.25,-32.75,15,85.2073293165334,-13.563437537828,6.40571324345993
15,87.75,-88.75,79,78,-56.5,-54,15,85.2073293165334,-14.9606230562991,-1.08616654677456
15,91.25,-90,65.5,88,-47,-12.25,15,85.2073293165334,-6.26410060014543,-13.6294183174212
15,70.5,-94.5,71.5,88,-8.5,11.75,15,85.2073293165334,10.3625509877359,-10.845161917951
15,72.25,-71.75,59.75,60.25,25.25,48.25,30,85.2073293165334,26.3617499648928,14.3198512139084
15,90.75,-94.5,76,53.75,47.5,30.75,30,85.2073293165334,12.9901147341528,27.0417625016112
15,71.25,-71,65.25,59.75,73.75,0.25,30,85.2073293165334,-3.29199541847858,29.8188324078042
15,68.75,-91,70.5,87.25,80.75,-12.5,30,85.2073293165334,-13.2545851615735,26.9131189607336
15,50.75,-94.75,83.25,81.25,1.75,-70.5,30,85.2073293165334,-27.126875075656,12.8114264869199
15,65.25,-92,76,82,-29.75,-31,30,85.2073293165334,-29.9212461125982,-2.17233309354909
15,100,-90.5,79.25,77.5,-79.75,-12.5,30,85.2073293165334,-12.5282012002909,-27.2588366348425
15,83,-96.5,76.25,77.5,-12.25,-5.25,30,85.2073293165334,20.7251019754717,-21.690323835902
15,-37,11.25,-61.25,-70,10.5,47.75,15,28.5,13.1808749824464,7.1599256069542
15,-66.75,2.75,-87.5,-85.5,9.25,33.5,15,28.5,6.4950573670764,13.5208812508056
15,-52.5,-3.25,-93.25,-86.25,10.25,-23.25,15,28.5,-1.64599770923929,14.9094162039021
15,-48,-9.75,-59.75,-86.75,8.75,-47.75,15,28.5,-6.62729258078673,13.4565594803668
15,-28,-11.75,-69.5,-72.75,-16.25,-58.25,15,28.5,-13.563437537828,6.40571324345993
15,-24.75,-17,-49.25,-79,-18,-48.5,15,28.5,-14.9606230562991,-1.08616654677454
15,-29.75,-28.25,-62,-61.75,-43.75,-18.75,15,28.5,-6.26410060014548,-13.6294183174212
15,-24,-12.5,-70.25,-67.75,-18.25,2.25,15,28.5,10.3625509877358,-10.845161917951
15,-3.25,23.25,-58,-54.25,7.75,92.25,30,28.5,26.3617499648928,14.3198512139084
15,-23.75,10.5,-56.5,-64.5,14.75,39.25,30,28.5,12.9901147341527,27.0417625016112
15,-83,-4.75,-72.75,-75.25,9.5,-42,30,28.5,-3.29199541847863,29.8188324078042
15,-37,-5.25,-69.75,-62.25,9.25,-48.75,30,28.5,-13.2545851615735,26.9131189607336
15,-17.75,-16,-52.5,-55.5,-5,-96.75,30,28.5,-27.1268750756561,12.8114264869199
15,-31.75,-15.5,-53.25,-52.25,-29,-65,30,28.5,-29.9212461125982,-2.17233309354909
15,-33.25,-31.25,-14.25,-58.5,-97.5,-16.5,30,28.5,-12.5282012002909,-27.2588366348425
15,-10.25,-18,-26.5,-76,-8.25,2,30,28.5,20.7251019754716,-21.690323835902
16,3.75,-1.5,-36.25,20,6,51.5,15,85.2073293165334,13.1808749824464,7.1599256069542
16,6.5,-33,-52.75,28.5,34.75,9,15,85.2073293165334,6.4950573670764,13.5208812508056
16,1.75,-3,-37.25,72.75,43.75,2.5,15,85.2073293165334,-1.64599770923929,14.9094162039021
16,2,-0.25,-86,77.75,46.5,9.25,15,85.2073293165334,-6.62729258078676,13.4565594803668
16,4.25,4,-62.25,56.25,9.5,-7.25,15,85.2073293165334,-13.563437537828,6.40571324345993
16,6.5,-6.25,-82.75,84.5,-15.25,-6.25,15,85.2073293165334,-14.9606230562991,-1.08616654677456
16,31.25,-35.25,-81,85,-39.75,-17.75,15,85.2073293165334,-6.26410060014543,-13.6294183174212
16,22,-15.5,-22.75,40.5,7.5,26.75,15,85.2073293165334,10.3625509877359,-10.845161917951
16,10.75,-0.75,17.75,4.5,4.5,67.75,30,85.2073293165334,26.3617499648928,14.3198512139084
16,1.5,0.25,9.5,24,18.5,26.5,30,85.2073293165334,12.9901147341528,27.0417625016112
16,2.75,-9.25,-20.75,15,85.5,7.75,30,85.2073293165334,-3.29199541847858,29.8188324078042
16,5.75,-8.75,-25.25,37.5,96.75,6.5,30,85.2073293165334,-13.2545851615735,26.9131189607336
16,22,-50.25,-13.25,47.75,0.75,-78.75,30,85.2073293165334,-27.126875075656,12.8114264869199
16,48,-67.75,8.75,83.25,-67.25,-14.75,30,85.2073293165334,-29.9212461125982,-2.17233309354909
16,45.75,-68.75,-13.25,66.75,-95.75,-13,30,85.2073293165334,-12.5282012002909,-27.2588366348425
16,31.75,-28.75,-4.25,37.75,25,27.75,30,85.2073293165334,20.7251019754717,-21.690323835902
16,-29.25,1.75,12.75,-81,15.25,26.25,15,28.5,13.1808749824464,7.1599256069542
16,-22,6.25,16,-77.75,25.75,4,15,28.5,6.4950573670764,13.5208812508056
16,-21.5,1.5,11.75,-49,29,-8.25,15,28.5,-1.64599770923929,14.9094162039021
16,-22,1.75,1,-56.25,1,-11.25,15,28.5,-6.62729258078673,13.4565594803668
16,-2.25,-2.75,23,-48.75,0,-65.5,15,28.5,-13.563437537828,6.40571324345993
16,12.5,-18.25,20.25,-39.5,-8.25,-66,15,28.5,-14.9606230562991,-1.08616654677454
16,-12,-22.75,23.75,-49.25,-54.25,-21.5,15,28.5,-6.26410060014548,-13.6294183174212
16,-21,19,20,-61,-16.75,10.5,15,28.5,10.3625509877358,-10.845161917951
16,30.5,-2,56.75,-19.75,15.75,91.75,30,28.5,26.3617499648928,14.3198512139084
16,-9.25,0.75,22,-31,17.25,10,30,28.5,12.9901147341527,27.0417625016112
16,-18.75,2.25,8.75,-49.75,33,-7.5,30,28.5,-3.29199541847863,29.8188324078042
16,-2,-1,15.5,-36.5,-5.75,-45.75,30,28.5,-13.2545851615735,26.9131189607336
16,32.25,-18.75,33.25,-21,-9,-97.75,30,28.5,-27.1268750756561,12.8114264869199
16,41.75,-26.75,38.5,-29,-15,-61.75,30,28.5,-29.9212461125982,-2.17233309354909
16,54.25,-49.5,34.25,-25.25,-93,-41,30,28.5,-12.5282012002909,-27.2588366348425
16,28,-9.5,25.75,-59.5,-7.25,15,30,28.5,20.7251019754716,-21.690323835902
17,99,-100,-56.5,100,60.75,18.75,15,85.2073293165334,13.1808749824464,7.1599256069542
17,50.25,-100,-95.75,100,82.75,19.25,15,85.2073293165334,6.4950573670764,13.5208812508056
17,-1.25,-100,-9.5,93,100,5,15,85.2073293165334,-1.64599770923929,14.9094162039021
17,0.5,-100,-92.25,100,100,-11.75,15,85.2073293165334,-6.62729258078676,13.4565594803668
17,47.75,-100,-89.5,15.75,-88.25,-42.25,15,85.2073293165334,-13.563437537828,6.40571324345993
17,94.75,-100,-73,99.5,-95.75,-22.25,15,85.2073293165334,-14.9606230562991,-1.08616654677456
17,83.25,-100,-82,100,-58.75,-2.5,15,85.2073293165334,-6.26410060014543,-13.6294183174212
17,100,-100,14.75,96,6.5,49,15,85.2073293165334,10.3625509877359,-10.845161917951
17,87,-99.75,66,98,34,31.75,30,85.2073293165334,26.3617499648928,14.3198512139084
17,68.5,-100,40.5,82.5,65,15,30,85.2073293165334,12.9901147341528,27.0417625016112
17,-4.25,-100,38.25,100,99,0.25,30,85.2073293165334,-3.29199541847858,29.8188324078042
17,56.75,-95,-52.25,95,32,0.25,30,85.2073293165334,-13.2545851615735,26.9131189607336
17,100,-100,43.25,96,-43.75,-71.75,30,85.2073293165334,-27.126875075656,12.8114264869199
17,0.25,-100,14.75,83.75,-91.75,-19.5,30,85.2073293165334,-29.9212461125982,-2.17233309354909
17,95.25,-100,56.5,98,-52.25,-0.75,30,85.2073293165334,-12.5282012002909,-27.2588366348425
17,99,-100,58.75,100,0,11.25,30,85.2073293165334,20.7251019754717,-21.690323835902
17,-83.25,74.75,94,-96.25,-1,33.25,15,28.5,13.1808749824464,7.1599256069542
17,-78.75,73.75,100,-100,-8.75,5.5,15,28.5,6.4950573670764,13.5208812508056
17,-57,97.5,100,-100,-6,0.5,15,28.5,-1.64599770923929,14.9094162039021
17,-38.25,85.25,59.5,-98.5,-8.75,-56.75,15,28.5,-6.62729258078673,13.4565594803668
17,-60.5,-21.25,100,-100,-6,-100,15,28.5,-13.563437537828,6.40571324345993
17,-75.25,9,83.5,-93.5,-26,-100,15,28.5,-14.9606230562991,-1.08616654677454
17,-50.25,-53,50,-99,-91,-8.5,15,28.5,-6.26410060014548,-13.6294183174212
17,-47.5,-28,100,-100,-1.25,-0.5,15,28.5,10.3625509877358,-10.845161917951
17,-65,77.5,100,-84.25,-0.75,100,30,28.5,26.3617499648928,14.3198512139084
17,-69.75,71.75,100,-100,0.25,34.25,30,28.5,12.9901147341527,27.0417625016112
17,-41.5,84.25,96.75,-97.75,0.25,-54.5,30,28.5,-3.29199541847863,29.8188324078042
17,-59.5,-15,100,-85.75,-7.75,-100,30,28.5,-13.2545851615735,26.9131189607336
17,-39.25,5.25,99,-92.75,-29.75,-97.25,30,28.5,-27.1268750756561,12.8114264869199
17,83.25,-100,100,-80.75,-55.75,-72.5,30,28.5,-29.9212461125982,-2.17233309354909
17,10.5,-73.75,100,-90.75,-100,-14.75,30,28.5,-12.5282012002909,-27.2588366348425
17,-14.75,-27,100,-76.5,-25.75,0.5,30,28.5,20.7251019754716,-21.690323835902
18,34,-82.75,-29.75,90.5,-1.5,13,15,85.2073293165334,13.1808749824464,7.1599256069542
18,44,-66,-36.5,69.5,58.25,16,15,85.2073293165334,6.4950573670764,13.5208812508056
18,7.75,-31.75,-21,90.25,37.75,5.5,15,85.2073293165334,-1.64599770923929,14.9094162039021
18,-11.5,1.5,-33.75,100,77,19.75,15,85.2073293165334,-6.62729258078676,13.4565594803668
18,41.5,-95.25,-41.75,61,8,-32.5,15,85.2073293165334,-13.563437537828,6.40571324345993
18,47,-67.25,-36.5,87.75,-88.75,-1,15,85.2073293165334,-14.9606230562991,-1.08616654677456
18,10.5,-74.75,-44.5,100,-65.5,-5,15,85.2073293165334,-6.26410060014543,-13.6294183174212
18,76.75,-36.75,-26,99.25,34.25,21.25,15,85.2073293165334,10.3625509877359,-10.845161917951
18,71,35.75,-9.5,61,6.5,36.25,30,85.2073293165334,26.3617499648928,14.3198512139084
18,69.25,-44.5,8.5,76.5,28.25,43,30,85.2073293165334,12.9901147341528,27.0417625016112
18,57.75,-70.5,-24.5,76,100,4.25,30,85.2073293165334,-3.29199541847858,29.8188324078042
18,8.75,-76,-14.75,85.25,60.5,-10.75,30,85.2073293165334,-13.2545851615735,26.9131189607336
18,74,-75,-12,70,37.5,-35.5,30,85.2073293165334,-27.126875075656,12.8114264869199
18,13.75,-54,16.5,38.25,-67,-1.75,30,85.2073293165334,-29.9212461125982,-2.17233309354909
18,14.25,-94.75,-16.5,91,-72.25,-2.25,30,85.2073293165334,-12.5282012002909,-27.2588366348425
18,67.25,-93.75,-9.5,63.5,61.25,34,30,85.2073293165334,20.7251019754717,-21.690323835902
18,-16.5,-25.25,70.5,-57,0.25,95,15,28.5,13.1808749824464,7.1599256069542
18,-59.25,1,75.75,-46.25,0.5,32,15,28.5,6.4950573670764,13.5208812508056
18,-23.5,11.25,15.75,-50,2,-22.25,15,28.5,-1.64599770923929,14.9094162039021
18,26.25,-36.5,32.25,-80.25,-2,-67,15,28.5,-6.62729258078673,13.4565594803668
18,13.75,-10,75.5,-71.5,-25.25,-97.25,15,28.5,-13.563437537828,6.40571324345993
18,32.25,-48,88,-57.75,-60.25,-34.75,15,28.5,-14.9606230562991,-1.08616654677454
18,-3.25,-48.25,32.75,-68.75,-95,-21.75,15,28.5,-6.26410060014548,-13.6294183174212
18,97,-86,43.25,-55,-64.75,-2.25,15,28.5,10.3625509877358,-10.845161917951
18,-11.25,37.25,81,-87.25,5.5,86.75,30,28.5,26.3617499648928,14.3198512139084
18,-31.75,32.5,26.25,-87.5,3.25,81.25,30,28.5,12.9901147341527,27.0417625016112
18,-16.5,17,11.5,-90.5,0.25,-45.25,30,28.5,-3.29199541847863,29.8188324078042
18,7,21.75,51.5,-100,-5.25,-55.25,30,28.5,-13.2545851615735,26.9131189607336
18,17.25,0,76.25,-66,-16.75,-50,30,28.5,-27.1268750756561,12.8114264869199
18,56,-84.25,82.25,-87.5,-77.25,-88.75,30,28.5,-29.9212461125982,-2.17233309354909
18,12.75,-79.25,77.75,-81.25,-98.75,-27.5,30,28.5,-12.5282012002909,-27.2588366348425
18,83.75,-93,76.25,-76.25,-53.25,1,30,28.5,20.7251019754716,-21.690323835902
19,76.75,-100,59.75,72.75,-16.75,16.5,15,85.2073293165334,13.1808749824464,7.1599256069542
19,48,-28.75,41,80.5,6.75,17.75,15,85.2073293165334,6.4950573670764,13.5208812508056
19,53.5,-83.25,16.75,85.25,20.5,-7.75,15,85.2073293165334,-1.64599770923929,14.9094162039021
19,55,-63.25,-0.75,48.75,19.5,-6.75,15,85.2073293165334,-6.62729258078676,13.4565594803668
19,70,-91.5,-1.25,85.5,-48.75,-20.5,15,85.2073293165334,-13.563437537828,6.40571324345993
19,55.5,-89.25,23.75,88,-65.75,-30,15,85.2073293165334,-14.9606230562991,-1.08616654677456
19,59.75,-59,35.25,69.25,-89.25,-16.5,15,85.2073293165334,-6.26410060014543,-13.6294183174212
19,72.25,-93,34.75,83.5,-12.5,22.5,15,85.2073293165334,10.3625509877359,-10.845161917951
19,76.5,-78.5,48.25,69.5,-10.75,50.5,30,85.2073293165334,26.3617499648928,14.3198512139084
19,62,-72.25,50.5,70.75,35.75,36.25,30,85.2073293165334,12.9901147341528,27.0417625016112
19,23,-39.75,-4.75,75,61,-4.75,30,85.2073293165334,-3.29199541847858,29.8188324078042
19,24,-39.5,14,58.25,36.25,-38.25,30,85.2073293165334,-13.2545851615735,26.9131189607336
19,55.75,-83.25,21.25,78.75,-46.5,-33.25,30,85.2073293165334,-27.126875075656,12.8114264869199
19,78,-91,38.5,63.75,-79.75,-16.5,30,85.2073293165334,-29.9212461125982,-2.17233309354909
19,59.25,-100,76.75,61.25,-90.5,-33,30,85.2073293165334,-12.5282012002909,-27.2588366348425
19,58,-100,68,77,-20.25,26,30,85.2073293165334,20.7251019754717,-21.690323835902
19,-41.25,62.75,-32.75,-70.75,23.25,59.5,15,28.5,13.1808749824464,7.1599256069542
19,-76.5,77,-93.5,-81.25,24.75,47.25,15,28.5,6.4950573670764,13.5208812508056
19,-51.5,59.75,-82.75,-79,-5.5,-32.25,15,28.5,-1.64599770923929,14.9094162039021
19,-48.5,1,-61.5,-64.25,-4.5,-69,15,28.5,-6.62729258078673,13.4565594803668
19,-11.5,1,-52.75,-71,-11.75,-81.5,15,28.5,-13.563437537828,6.40571324345993
19,-7,8.75,-12.5,-46.25,-38,-55,15,28.5,-14.9606230562991,-1.08616654677454
19,-4.25,-6.25,-52.75,-49,-84.25,-29.25,15,28.5,-6.26410060014548,-13.6294183174212
19,14.25,0.25,-7.75,-63.5,-54.5,15.75,15,28.5,10.3625509877358,-10.845161917951
19,9,9.5,27.25,-24.75,37,95.25,30,28.5,26.3617499648928,14.3198512139084
19,-61,57.75,-49.25,-44.75,38,48.5,30,28.5,12.9901147341527,27.0417625016112
19,-44,62.75,-45.25,-59,10,-25,30,28.5,-3.29199541847863,29.8188324078042
19,-23.75,22.5,43,-23.5,5.5,-97.5,30,28.5,-13.2545851615735,26.9131189607336
19,-7.5,-6,65,-77.75,25.5,-98.75,30,28.5,-27.1268750756561,12.8114264869199
19,23.75,-28,71.25,-49,-59.5,-67.75,30,28.5,-29.9212461125982,-2.17233309354909
19,25.25,-79,89.5,-54,-99.75,-42.25,30,28.5,-12.5282012002909,-27.2588366348425
19,24.25,-18.5,72,-56,-43,5.25,30,28.5,20.7251019754716,-21.690323835902
20,44.25,6.75,-20.5,81.75,9.5,51,15,85.2073293165334,13.1808749824464,7.1599256069542
20,-4.75,23,-23.75,62.75,12,39.5,15,85.2073293165334,6.4950573670764,13.5208812508056
20,-5.5,-8.5,-25,75.5,65.25,-8,15,85.2073293165334,-1.64599770923929,14.9094162039021
20,-40,-95,-2.25,68.25,23.25,-15,15,85.2073293165334,-6.62729258078676,13.4565594803668
20,53.75,-67.5,-10.25,88.5,-26.5,-43.75,15,85.2073293165334,-13.563437537828,6.40571324345993
20,-2,-82.75,-34.25,81,-34.5,-22,15,85.2073293165334,-14.9606230562991,-1.08616654677456
20,-23.25,-61.75,-55.75,46.75,-46.75,-17.75,15,85.2073293165334,-6.26410060014543,-13.6294183174212
20,6.5,-68.75,0.25,67,-22.5,12,15,85.2073293165334,10.3625509877359,-10.845161917951
20,43,24.5,62,70.75,0,64.75,30,85.2073293165334,26.3617499648928,14.3198512139084
20,46,-9.75,16.75,58.5,0,48.75,30,85.2073293165334,12.9901147341528,27.0417625016112
20,-9.5,-92.75,14.5,78.5,61.75,-6.5,30,85.2073293165334,-3.29199541847858,29.8188324078042
20,37.25,-69.75,-4.25,71.25,36.75,-82.25,30,85.2073293165334,-13.2545851615735,26.9131189607336
20,75.25,-100,77.25,88.25,-12.25,-67.75,30,85.2073293165334,-27.126875075656,12.8114264869199
20,94.5,-100,59.25,81.75,-68.75,-18.75,30,85.2073293165334,-29.9212461125982,-2.17233309354909
20,-17,-71.75,-38.25,37.5,-69,-29,30,85.2073293165334,-12.5282012002909,-27.2588366348425
20,-12.75,-69.75,43.5,77.5,-26.25,13,30,85.2073293165334,20.7251019754717,-21.690323835902
20,-73.5,2,-53.25,-83.25,0.25,58.5,15,28.5,13.1808749824464,7.1599256069542
20,-88.75,16.25,-27.25,-92.75,4,37.5,15,28.5,6.4950573670764,13.5208812508056
20,-100,7.5,-60.75,-93.75,5.25,-69.5,15,28.5,-1.64599770923929,14.9094162039021
20,-87.5,14,-57.5,-90,-25.25,-94.5,15,28.5,-6.62729258078673,13.4565594803668
20,-59.25,-20,-38.5,-90.75,-57.25,-94,15,28.5,-13.563437537828,6.40571324345993
20,-49,-46.75,-48,-83.5,-47,-87.25,15,28.5,-14.9606230562991,-1.08616654677454
20,-91.5,-38,-74.5,-91.25,-92.5,-28.25,15,28.5,-6.26410060014548,-13.6294183174212
20,-28.75,-63.5,-43.25,-78.5,-29,19.5,15,28.5,10.3625509877358,-10.845161917951
20,-26.5,17.75,7,-62.5,0,96.25,30,28.5,26.3617499648928,14.3198512139084
20,-90,39.25,-3.5,-71,0.25,44.25,30,28.5,12.9901147341527,27.0417625016112
20,-100,45.75,-72.5,-76.5,29.75,-52.75,30,28.5,-3.29199541847863,29.8188324078042
20,-96.25,13,-45.75,-75,-19.75,-93.5,30,28.5,-13.2545851615735,26.9131189607336
20,-4.25,-74.5,1.5,-78.5,-45.75,-100,30,28.5,-27.1268750756561,12.8114264869199
20,9.75,-92,24.75,-28.75,-62.75,-77.5,30,28.5,-29.9212461125982,-2.17233309354909
20,-2.75,-100,63,-65.5,-100,-25.25,30,28.5,-12.5282012002909,-27.2588366348425
20,-3.5,-75,-45,-79.25,-46.25,10,30,28.5,20.7251019754716,-21.690323835902
